股票代码,标题,情绪标签,情绪分数
600141,"兴发集团与世界名企""联姻"" 磷酸产品进军全球饮食市场",neutral,0.997158408164978
002453,天马精化被指排放刺鼻气体 环保部门要求整改,neutral,0.9999077320098877
002030,收受六家公司干股交由亲属司机代持,neutral,0.9999116659164429
600076,证监会处罚书密集下发 “预退”公司或面临索赔潮,negative,0.9995680451393127
600850,华东电脑收购对象经营严重依赖关联交易,neutral,0.9999126195907593
600569,安阳钢铁再曝铁矿石造假丑 涉事公司实控人为政协委员,neutral,0.3680196702480316
000662,索芙特收购迷雾：天夏科技挖坑等你跳？,neutral,0.9998993873596191
002437,普德药业IPO失败谋曲线上市 大客户关系藏玄机?,negative,0.9996086955070496
600875,"商务部回应""比港项目被叫停"":敦促希腊维护中企权利",neutral,0.9999023675918579
600487,亨通光电高溢价收购2公司 暗渡陈仓背后问题多,positive,0.9984521865844727
000977,传浪潮信息或将整合锐捷 大规模布局网络产品,neutral,0.9999018907546997
000729,燕京啤酒计划向境外投资者出售约20%股权,neutral,0.9999135732650757
600060,重磅：海信要接手索尼电视？！,neutral,0.9999125003814697
001696,电动四轮车只租不卖 宗申动力盯上车联网,neutral,0.9998843669891357
600028,中国石化有意分拆旗下零售业务上市,neutral,0.9999123811721802
600265,天然商品林被纳入全面禁伐 森工企业孰益孰损？,neutral,0.9513635039329529
300388,重要工程虚假披露 国祯环保涉嫌信披违规,neutral,0.9998989105224609
600872,中炬高新预付款乱象频现 涉嫌构成虚假交易,neutral,0.9999125003814697
002241,苹果公司74.8亿美元收购歌尔声学集团？,neutral,0.9999127388000488
600110,揭开中融人寿股权谜局,neutral,0.9999099969863892
000927,“掌门换人”引爆股价 东风一汽双双涨停,neutral,0.9987806677818298
002174,“霸道总裁”林奇为何拎10亿登门收购绿城？,neutral,0.9999139308929443
600587,新华医疗并购之痛:巨额商誉未计提减值 信披存争议,negative,0.9995430707931519
300104,"乐视：广电总局目前的OTT政策阻碍行业
发展，乐视要联合行业持续向广电反应",neutral,0.9999127388000488
601928,阿里擬投資鳳凰傳媒，布局在線教育,neutral,0.9999123811721802
002468,26亿交易牵出艾迪西代持纷争 同窗纠葛波及两A股公司,positive,0.9954187870025635
600573,惠泉啤酒或将迎整合重组,neutral,0.9999061822891235
002036,汉麻产业收购联创电子 后者涉嫌逃税麻烦多,negative,0.9996169805526733
601766,中国中车收购中国置业为海外布局埋伏笔,neutral,0.9998968839645386
300368,汇金股份定增谜团,neutral,0.9999020099639893
000715,揭秘中兴商业易主叫停 触碰国资流失“高压线”,negative,0.995943009853363
300393,铜掌柜搭档中来股份 玩转跨境电商“万亿金服”,neutral,0.9999130964279175
300359,全通教育股东减持一月后公告 股民痛斥流氓公司,negative,0.999614953994751
600986,合同纠纷未备注科达股份涉嫌虚增收入,neutral,0.9995880722999573
002206,九上市公司暴跌日增列遭处罚清单(图),negative,0.9995991587638855
603606,浙江省质监局：电线电缆产品不合格率为1.69%,neutral,0.9999135732650757
300372,欣泰电气收购标的多处存疑 应付账款深藏玄机,neutral,0.9999114274978638
000008,神州高铁“涅槃第二季”四重诡象,neutral,0.9999128580093384
002213,互联网+催热汽车零部件 特尔佳缓速器获进展,neutral,0.9879148006439209
600645,公开求购遭公开拒绝 中源协和收购CO公司遇阻,negative,0.5672026872634888
002505,事涉周本顺，大康牧业踢爆上市潜规则,neutral,0.9999099969863892
002020,京新药业收购子公司或目的不纯 财务数据存疑点,neutral,0.9998867511749268
002567,湖南最大农企唐人神陷入资金困境 平仓风险加大,positive,0.9997628331184387
600247,最强监管风暴来袭 63公司遭证监会立案调查,negative,0.9979547262191772
300169,天晟新材疑卷入证监会腐败案:收购成功股东撤,neutral,0.9993020296096802
600137,浪莎被指偷漏员工社保：一年可省约1830万,neutral,0.9998036026954651
600733,S前锋：方案沉睡八年 小股东坚守企盼,neutral,0.9998619556427002
600592,航空发动机专项扶持政策将出 万亿盛宴待享,positive,0.9993115663528442
600853,龙建股份定向增发问题多：财务数据漏洞百出,neutral,0.9999130964279175
300164,通源石油自身财务不明，拟收购标的财务疑点众多,neutral,0.999883770942688
601111,消息称国航与南航酝酿合并重组,neutral,0.9999020099639893
600029,消息称国航与南航酝酿合并重组,neutral,0.9999020099639893
600456,宝钛集团拟并购乌克兰MotorSich航空发动机厂商,neutral,0.9999116659164429
002671,龙泉股份定增对象财务数据存疑 毛利率变动异常,neutral,0.9999041557312012
002570,贝因美再现资金缺口 恒天然入股35亿到账成疑,neutral,0.9999041557312012
600186,莲花味精被曝骗取5000万出口退税,negative,0.9852842688560486
600485,两只通信设备大盘股 你选哪家？ ,neutral,0.9999120235443115
000812,陕西金叶收购标的利用率低下 巨额采购不知所踪,neutral,0.9997788071632385
300135,"宝利国际遭调查背后：前员工举报转
移利润",neutral,0.9999133348464966
300466,赛摩电气高价收购疑点重重,neutral,0.9999085664749146
600103,涉嫌隐瞒发行对象之间关联 青山纸业定增疑涉信披违规,neutral,0.9999008178710938
600401,联合光伏或回收10亿港币预付款 *ST海润保壳战愈艰,neutral,0.9999045133590698
600332,白云山业绩好助推股价,neutral,0.9998785257339478
002131,利欧股份收购标的千万负债来源不明,neutral,0.9998747110366821
600265,重庆小康8亿入主ST景谷 未来或注入矿业资产,neutral,0.9999098777770996
300211,江粉磁材上门讨债1191万 亿通科技没钱还？,neutral,0.9999115467071533
600765,军工央企再现千亿元资产整合 三公司纳入中国航发旗下,neutral,0.9999091625213623
600853,龙建股份年报拟10派5元 去年净利增长63.63%,positive,0.9997771382331848
600393,北京天鹅湾遭40位业主起诉：交楼五年没房产证,neutral,0.9997929930686951
603366,日出东方太阳能热水器产品陷质量纠纷 经销商损失超百万,negative,0.9995042085647583
000012,前海人寿去年底减持南玻1.13亿股,neutral,0.9998960494995117
600696,海银系“花式收购”匹凸匹背后 探究韩氏父子资本迷局,neutral,0.999911904335022
600671,天目药业终止重组或另寻卖壳 前两大股东争夺变“双赢”？,neutral,0.9998304843902588
600691,暂停上市股票还有权证价值,neutral,0.9999065399169922
300028,金亚科技进军游戏看走眼 拟购公司住址不存在,neutral,0.9999039173126221
002057,中钢天源涉嫌向关联方利益输送,negative,0.9994738698005676
002456,联车科技炮轰上市公司欧菲光:莫欺少年穷,neutral,0.9991617202758789
601012,唐骏协助调查引曝光伏业多晶硅走私案 前首富施正荣或牵扯其中,positive,0.9997261166572571
002018,华信国际员工人均薪酬涨超 20 倍，32 家公司翻番,positive,0.9996826648712158
002168,奇虎看上的是深圳惠程? ,neutral,0.9999121427536011
600713,涉嫌单位行贿 南京医药孙公司董事长被逮捕,negative,0.9994800686836243
600346,恒力股份借壳大橡塑涉嫌“萝卜借壳”,neutral,0.9999079704284668
000662,日化旧人索芙特进退失据,neutral,0.9997991919517517
000673,不要！“白菜价”股权遭员工弃领,neutral,0.9998977184295654
603838,启德45亿回购CVC股份，即将借壳四通股份A股上市,neutral,0.9999145269393921
300161,格力否认从华中数控购买机器人 华中数控2015年报涉虚假陈述,neutral,0.9999094009399414
002285,重要股东已连续3个月净减持 63只个股净减持超亿元,neutral,0.9998819828033447
002506,"年报出现多处财
务异常，协鑫集成遭深交所问询",negative,0.9994351267814636
600166,福田汽车氢燃料电池大订单实为“回转交易”,neutral,0.9999111890792847
600682,三胞对House of Fraser承诺落空,neutral,0.9997588992118835
600179,*ST黑化重组前景黯淡,negative,0.9993377327919006
600530,股东精准减持屡见不鲜 年内560家公司股东套现917亿,neutral,0.9998899698257446
600085,同仁堂旗下虚假广告被查 “足道”炮制治病神话,neutral,0.9999103546142578
601015,陕西黑猫：成本经受“低油价关” 产能发挥踩点油价反弹,neutral,0.9998550415039062
000859,新能源汽车爆发增长 铝塑膜望接力锂电池炒作,positive,0.9997358918190002
600998,机场北高新园区全力打造西部药谷,neutral,0.9999068975448608
600053,1000 万如何变 成 1000 亿元 九鼎：危险的金钱游戏,neutral,0.9999133348464966
603003,龙宇燃油35亿增发案疑云：巨额投资用途不详,neutral,0.9998948574066162
002186,全聚德高层集体辞职 为首旅收购麦当劳特许经营权铺路？,neutral,0.9999141693115234
300104,传美国电视机厂商Vizio被乐视收购,neutral,0.9999104738235474
600702,沱牌舍得原高层遭集体“换血”,neutral,0.999908447265625
002594,三星拟斥资5000亿韩元收购比亚迪4%股份，布局新能源,neutral,0.9999136924743652
601933,"传永辉超市、华润正在洽谈并购北方某省最大连锁企业
",neutral,0.9968137145042419
600297,广汇汽车 140 亿元已募资金用途存疑,negative,0.9994601607322693
000892,怕欣泰悲剧重演 基金闪离4只立案调查股,neutral,0.999477207660675
002555,三七互娱影游互动收购乱账,neutral,0.9999039173126221
600367,彭博：万达商业地产私有化！红星发展值得重点关注！,neutral,0.9999140501022339
002328,新朋股份设立股权基金投蚂蚁金服,neutral,0.9999107122421265
600075,宁波PVC老板失联了 焦点不止于两家A股公司,negative,0.9996016621589661
603023,威帝股份募投项目建设迟缓 披露信息与实际不符,neutral,0.9998168349266052
603936,博敏电子涉嫌违规用地 厂房随时被拆生产线面临全面停顿,negative,0.9730546474456787
600363,联创砸9.8亿 借势京东方西进重庆建全贴合厂,neutral,0.9999097585678101
002326,永太科技收购黑天鹅：标的物红牌未信披 贷款或受限,neutral,0.9999103546142578
002359,SWJ状告齐星铁塔获赔千万 金矿估值超亿元,neutral,0.9985945820808411
600182,S佳通股改后将规划资产注入 投资者呼吁否决“抠门”方案,neutral,0.980645477771759
300041,回天新材募投项目未批先建 或有被罚风险,negative,0.9993206262588501
000693,“内忧外患”倒逼ST华泽转型 拟注入优质资产稳定业绩,negative,0.486343652009964
000898,钢铁业重组路线图排定 鞍本将接棒宝武,neutral,0.9998714923858643
000761,钢铁业重组路线图排定 鞍本将接棒宝武,neutral,0.9998714923858643
000033,*ST新都保壳生变 丰兴汇资管介入,neutral,0.9999115467071533
600889,南京化纤被举报 3.7亿土地返还款不翼而飞,neutral,0.9986488223075867
600781,财务数据迥异 辅仁药业重组遭遇实名举报,neutral,0.9998944997787476
000673,《武林外传》告《龙门镖局》索赔2.4亿,neutral,0.9999138116836548
600771,13亿元回购核心资产 广誉远主营产品存按期续期风险,positive,0.9996435642242432
603883,老百姓大药房电商团队解散 曾被药监局约谈,neutral,0.9999058246612549
603567,珍宝岛：销量骤降收入蹊跷大增日均会务支出高达53万,neutral,0.999909520149231
600351,亚宝药业5亿存货积压业绩下滑 医药渠道集体变革,negative,0.7765324115753174
603189,网达软件第三季度毛利率腰斩存货暴增近 3 倍,positive,0.660159170627594
300399,京天利投资者索赔额已超3700万 多谜团浮出或已构成欺诈上市,positive,0.9971989393234253
600318,四问新力金融重组异象 收购标的连续三年遭处罚,negative,0.9996095299720764
600663,陆家嘴因信息披露遭上交所问询 出售资产涉嫌不当关联交易,negative,0.9963282942771912
300103,"“大金主”推波助澜壳估值半年翻
番：100 亿元成标配",neutral,0.999914288520813
603986,格易电子助力全支宝打造健康安全理财平台 ,neutral,0.9999096393585205
802,华谊兄弟明星IP资本赌约解构,neutral,0.9999076128005981
600306,*ST商城被疑贱卖盛京银行股权 交易股权解冻不久,negative,0.999555766582489
600315,上海家化：正招募员工 负责经营全球最大奶瓶品牌汤美天地,neutral,0.9999090433120728
600050,联通混改方案或已敲定：阿里腾讯百度可能都会参与,neutral,0.9999103546142578
600705,中航资本违规减持被罚 7个月后仍未履行处罚决定,negative,0.9996121525764465
2101,广东鸿图收购标的说不清的盈利,neutral,0.6432744860649109
600380,健康元28亿定增迷局,neutral,0.9999079704284668
002310,东方园林董事长何巧女：明后年市值千亿 年底有望签千亿合同,neutral,0.9999068975448608
600764,中船重工董事张英岱：中船重工十大产业板块分批上市 下一目标瞄准“新能源”,positive,0.5637624263763428
300571,平治信息多家供应商实地探访 登记住所竟是未竣工大楼,neutral,0.9999133348464966
002221,东华能源VLGC租约瓦解,neutral,0.9999109506607056
600570,曝国安扩股后最大股东已易主 未来话语权或旁落,neutral,0.9999128580093384
600818,"上海永久宣布入局共享单车全国投280万辆 市场会饱和吗？
",neutral,0.9999130964279175
300163,先锋新材进军乳业 并购结果“肥”了谁？,positive,0.9960687160491943
600485,信威集团实控人王靖质押项或已跌破平仓线 今日停牌,negative,0.9384232759475708
603558,袜业大亨陷商标侵权争议 健盛集团IPO或涉嫌信披隐瞒,neutral,0.999581515789032
600499,科达洁能4.7亿收购两公司股权 交易方现佛山照明前高管两子,neutral,0.9997734427452087
600810,神马股份涉78亿财务造假 首批投资者起诉索赔获受理,neutral,0.999815046787262
600265,重组预期尚未明朗 *ST景谷股价创历史新高,positive,0.9997718930244446
000767,三问漳泽电力：是谁将超标污水直接排入黄河？,neutral,0.9999136924743652
600197,伊力特拟定向增发股票融资，加速全国扩张步伐,positive,0.999777615070343
600221,海南航空子公司财报上演无厘头 三份数据打架谜题难解,negative,0.9979562759399414
603690,至纯科技小蜗牛背应收账款大包袱 新兴产业名不副实？,neutral,0.999910831451416
600530,交大昂立两股东减持套现两亿 股价骤跌引出投资者两大质疑,neutral,0.9997262358665466
300101,振芯科技实控人事件余波未了,neutral,0.9998792409896851
601179,中国西电将在菲律宾投资5亿美元建设232MW风光项目,neutral,0.9999144077301025
600074,保千里图雅丽获武器装备质管体系认证,neutral,0.999910831451416
600792,投资185亿打造“互联网+”产业示范城 昆明焦化厂转型为西南最大冷链物流基地,neutral,0.9999145269393921
600568,部队全面停止有偿服务正式启动 中珠医疗等项目或受冲击,neutral,0.9999053478240967
600351,亚宝药业等6企业珍菊降压片氢氯噻嗪含量偏低 存风险隐患,neutral,0.9999104738235474
600678,边凑钱边买壳 四川金顶新东家既不“朴素”也难言“至纯”,negative,0.9399493336677551
600401,A股“官司之王”海润光伏业绩又变脸 5年遭8次监管处罚,negative,0.9996155500411987
600810,神马股份近期将开庭 公司曾否认被投资者起诉,neutral,0.9999023675918579
600736,苏州高新参股九州证券，价格竟是中石化三倍！,positive,0.9996047616004944
600346,恒力股份关联收购财报现双版本,neutral,0.9999133348464966
603189,网达软件终止部分募投项目 圈钱还是断臂求生?,neutral,0.9999103546142578
603189,网达软件回应圈钱质疑避重就轻 公司被指隐瞒成本虚增收入,neutral,0.9998946189880371
600038,知情人士：中直股份考虑出售民用业务股份,neutral,0.9999133348464966
600422,昆药集团终止创新药物基建 4募投项目6年后变更3个,neutral,0.999390721321106
600250,南京惩戒严重失信企业 南纺股份在列,negative,0.9996178150177002
300315,掌趣科技高管套现30亿集体离场 留下56亿商誉地雷,neutral,0.9999107122421265
601607,上海医药和复星医药都盯上了德国史达德大药厂 或将发起又一次大型海外并购,neutral,0.9968344569206238
600196,复星医药或参与竞购非专利药商Stada,neutral,0.9998751878738403
600332,王老吉药业透露股东纠纷进展：广药今年有望回购同兴药业股权,positive,0.9966435432434082
600175,大忽悠九好集团幕后牵出美都能源子公司,positive,0.687463641166687
300420,五洋科技并购标的两版本采购总额相差千万元,neutral,0.9999121427536011
002359,齐星集团资金链断裂 36家金融机构存逾70亿信贷敞口,negative,0.9910065531730652
601777,79岁尹明善今宣布退休 陈卫将接任力帆股份董事长,positive,0.9996554851531982
603388,元成股份存货狂飙埋雷 海通证券保荐疑存灰色利益链,neutral,0.9999086856842041
000155,引入200亿元布局新能源电池项目 川化打响突围“关键战役”,neutral,0.9997641444206238
000010,美丽生态大股东被合作方申请破产清算,neutral,0.9999129772186279
600594,落子天津 益佰制药试水中医医生集团,neutral,0.9999035596847534
002820,桂发祥收入迷局：近五成现金销售七成无发票,neutral,0.9999135732650757
002155,湖南黄金旗下矿山安全隐患四伏 瞒报事故涉嫌信披违规,neutral,0.9998168349266052
603385,惠达卫浴七年七登质量黑榜 流动负债10亿上市前频分红,neutral,0.9999105930328369
600797,年报披露持股动向 机构调仓明显,neutral,0.9999078512191772
600666,强烈质疑奥瑞德涉嫌财务造假：诡异并购和三个子公司,neutral,0.9999089241027832
002630,华西能源投资41亿四川自贡建石墨烯产业化项目,neutral,0.9999110698699951
603999,东北特钢债权人：重组方是鞍钢，债务处置尚未有定论,neutral,0.9999146461486816
600228,*ST昌九股权转让雪上加霜 一壳难买逐渐变为一壳难卖,neutral,0.9999099969863892
002509,12公司重组“被坑” 并购资产成业绩“黑洞” 中水渔业被疑“忽悠式重组”,positive,0.9997462630271912
601018,中国港口巨头拟59亿美元投资印尼最大货运港,neutral,0.9999079704284668
600500,中化集团牵手阿里云 拟构建化工界天猫,neutral,0.9999063014984131
002615,哈尔斯陷专利侵权诉讼 4亿元项目存风险未公告,negative,0.9995359182357788
600577,精达股份变更互联网小贷投资主体 曾购买旗下P2P平台理财产品,neutral,0.9999139308929443
600393,粤泰深圳贤合旧改年底完成拆迁 住宅收入可达180亿,neutral,0.9999127388000488
300391,"周信钢数百万持股""消失""? 康跃科技:或因数据统计差异",neutral,0.9999113082885742
002130,沃尔核材信披虚实难辨 实控人内外腾挪为哪般,neutral,0.9999133348464966
600463,华大基因正式过会 相关概念股大涨,neutral,0.9980965256690979
002226,江南化工收购双版本,neutral,0.9999098777770996
002239,年内零部件企业套现额达整车企业4倍 猛狮科技等遭股东清仓式减持,neutral,0.99982088804245
300072,三聚环保百亿合同之谜,negative,0.9773968458175659
000650,英媒：仁和药业或考虑竞购Body Shop,neutral,0.9999121427536011
600654,中安消的自我救赎：停牌349个交易日难抵6亿筹码爆仓风险,neutral,0.9998596906661987
603599,广信股份环保遭投诉 增发或带病过关,negative,0.9995138645172119
601113,华鼎股份收购跨境电商问疑,neutral,0.9998961687088013
300262,巴安水务海外收购之谜：收购标的德国ItN连亏7年之重大信息竟未披露,positive,0.9997633099555969
002647,收购标的首份业绩亏损 民盛金科转型支付“很有信心”,positive,0.9997267127037048
000558,莱茵体育1.9亿英镑收购南安普顿获英超批准,neutral,0.9998718500137329
300116,坚瑞沃能业绩暴增千倍：隐形关联方操纵巨额订单,positive,0.9997627139091492
002075,沙钢股份斥资258亿元转型数据中心，形成特钢外第二大主业,neutral,0.9999110698699951
603993,市场消息称洛钼放弃收购Freeport钴矿,neutral,0.9999125003814697
600848,外媒称特斯拉将在上海临港建厂，可能和上海电气开展合作,neutral,0.9998914003372192
603599,"
广信股份定增在即环保问题未解 澄清公告与环保局报告相左",neutral,0.999799907207489
601727,特斯拉国产落定：与上海电气签合资协议,neutral,0.999914288520813
600401,海润光伏在建项目被指严重违规 回应称因市政府强化政绩所迫,negative,0.9994863271713257
600803,两民企加大浙江能源投资 天然气市场化提速,positive,0.9994708895683289
600281,太化股份高管辞职助力重组 关联方悄然入驻坐等升值？,neutral,0.9999133348464966
600074,保千里假协议虚增重组估值东窗事发 获利数十亿罚款235万元,negative,0.9991750121116638
600346,恒力股份：拟注入资产发生故障陷入停产,neutral,0.9999133348464966
600271,又一家支付公司要卖！易宝即将卖身航天信息,neutral,0.9999133348464966
300663,求职少年李文星之死,neutral,0.8441015481948853
603730,岱美股份财务疑点多 负债11亿实控人4年4亿分红进腰包,neutral,0.999885082244873
600596,杭州工商信托6.26%股权易主 不到两年估值缩水超三成,positive,0.9869794845581055
603538,50亿元博美基金助力医药产业集群发展,neutral,0.9999088048934937
601766,联通混改方案出炉:14家战略投资者 BAT全部入局,neutral,0.9999103546142578
600208,7400亿的谎言 庄家再出新花招割韭菜,neutral,0.9999065399169922
600053,"
又一个300亿！九鼎再创资本运作新高度",neutral,0.9999058246612549
601228,媒体：广州港停止煤炭进口 数十艘运煤船在外海徘徊,neutral,0.9999117851257324
600075,涉价格垄断PVC企业纷纷遭罚 英力特、天原集团共被罚2400万,negative,0.9996156692504883
603566,我国首个猪用基因工程疫苗将上市,neutral,0.9999127388000488
000417,腾讯与合肥市战略合作 新零售业务成重要看点,neutral,0.999887228012085
600332,广药白云山国际医疗器械创新园落户广州开发区,neutral,0.9999120235443115
000651,格力空调将入股天津一汽 业务重组百利或将出局，夏利转型新能源,neutral,0.9999139308929443
002176,江特电机上演生死时速 21亿补贴背后的资金链隐忧,neutral,0.9992676377296448
600401,孟广宝否认“掏空”海润 称目前仍被海润欠款,negative,0.9993177652359009
002787,华源控股收购标的营收失真，巨额采购资金去向不明,neutral,0.9174377918243408
300104,乐视网将引入新投资者，具体信息或将很快公布,neutral,0.9999115467071533
300104,万达与恒大或将联手入股乐视网,neutral,0.9999134540557861
600624,复旦复华旗下中日医疗健康产业基地开园在即,neutral,0.9998950958251953
600576,祥源文化欠薪事件始末：赵薇走后留下一地鸡毛,neutral,0.9998831748962402
600882,广泽股份携财团收购西澳州老牌乳企Brownes,neutral,0.9999115467071533
300332,天壕环境拟变更1.4亿募资用途 时隔一年对MBR膜项目态度生变,neutral,0.9999103546142578
002750,360之后，万达的壳也水落石出了？,neutral,0.9999111890792847
300709,"精研科技毛利率三连冠 董事长""被揪""是老赖公司大股东",neutral,0.9999122619628906
300084,海默科技经营持续不善，溢价并购遭遇“李鬼”公司,negative,0.9992597699165344
300713,英可瑞上市募资大头买理财 两媒体质疑虚增销售收入,neutral,0.9995784163475037
000673,永乐影视自降身价欲嫁当代东方 疑点多:或涉虚增利润,neutral,0.9985066056251526
600933,爱柯迪产能利用率下滑募资15亿 9亿资金暂时变更用途,neutral,0.9991466999053955
002761,产品屡登质量黑榜 多喜爱业绩不振门店缩水,neutral,0.9999094009399414
600074,保千里新实际控制人简历现疑点,neutral,0.9999072551727295
603168,一年狂卖7.5亿的洗脑神药，请放过中国老人,neutral,0.9999105930328369
002864,盘龙药业虚构募投项目？ 屡登黑榜券商定价上限15元,neutral,0.9999092817306519
603776,“共享单车第一股”永安行进退两难：核心业务拉响出局警报，新业务深陷亏损泥潭 ,negative,0.9996157884597778
600933,爱柯迪募资15亿维持原状 需核查募投项目有无造假,neutral,0.9998996257781982
000912,披星戴帽 *ST天化连续四跌停,neutral,0.9979578256607056
603110,东方材料应收账款或存坏账风险 大客户已成失信人,negative,0.9996142387390137
600381,“极草5X”代理商在产品叫停后仍在淘宝销售，被判十倍赔偿,positive,0.9971060156822205
603501,闻泰科技母公司转让北京豪威股权 待嫁“公主”命运再转机 ,neutral,0.999914288520813
300091,金通灵高溢价并购谜团,neutral,0.6494245529174805
000935,IDG资本会把养了两年的区块链资产注入四川双马吗？,neutral,0.9998977184295654
300378,鼎捷软件上市后业绩“变脸” 涉IPO财务造假！,neutral,0.9999097585678101
600884,杉杉股份：石墨烯导热垫研究成果已应用于中兴通讯,neutral,0.9999147653579712
600518,"康美药业""大爱无疆""完美面目下 被曝或涉传销行为",neutral,0.999800980091095
300017,腾讯加码云计算对抗阿里 大金额入股网宿科技,neutral,0.9999091625213623
600100,同方股份黄俞：同方威视或寻求美国或香港上市,neutral,0.9999130964279175
600690,外媒称海尔计划在德国上市 将成首个发行D股中国企业,neutral,0.9999141693115234
300104,孙宏斌对乐视网彻底心灰意冷？上任只8个月就宣布裸退,neutral,0.9998899698257446
300104,乐视网新的接盘方 有可能是来自互联网的顶级企业,neutral,0.9999127388000488
002194,武汉凡谷财务造假或为实际控制人减持打掩护,neutral,0.9999035596847534
002671,龙泉股份涉嫌信披违规,neutral,0.9936654567718506
601989,外媒：国务院原则批复中船集团与中船重工合并,neutral,0.9999139308929443
600781,辅仁药业管理或失控 子公司涉嫌传销,neutral,0.9977535605430603
000509,华塑控股拟购资产存重大造假嫌疑 股改往事发人深省,neutral,0.9999008178710938
600729,重庆百货启动混改挂牌转让在即 阿里系入局猜想？,neutral,0.9999127388000488
600238,海南椰岛销售之谜：经销商蹊跷退货 客户藏身办公室,neutral,0.9999111890792847
300459,金科文化75亿并购隐患：60亿商誉压顶，前期项目已暴雷,neutral,0.9998075366020203
300302,同有科技董事长被指做庄 42个交易日股价反转上涨超80%,neutral,0.999874472618103
300302,同有科技董事长被指做庄始末：疑似秘密协议代持,neutral,0.999913215637207
603877,太平鸟设局宁波中百 收购背后关联老鼠仓账户早已建仓,neutral,0.9998716115951538
600057,象屿股份疑通过厦门象道接盘北八道：后者被重罚56亿,negative,0.9995760321617126
600060,海信电器赢得收购斯洛文尼亚Gorenje的竞标,positive,0.9994961023330688
002354,“娱乐大玩家”朱晔被立案调查 曾涉多宗知名交易,neutral,0.9998868703842163
601599,业绩变脸仅完成24% 鹿港文化惹证监会问询,neutral,0.9999068975448608
300117,陕西部分光伏扶贫项目烂尾：资金短缺，工程反复，涉嫌层层分包,negative,0.9993312358856201
002199,东晶电子担保书惊现萝卜章？ 苏思通:被内外勾结做局,neutral,0.9999136924743652
000939,独家 | 借道关联交易三年套取资金超400亿，大股东成凯迪生态危机祸首？,neutral,0.9999029636383057
600057,微博大V实名举报浙能富兴影响煤价 痛宰厦门象屿,neutral,0.9999099969863892
002366,台海核电1.5亿诉讼未公告 涉嫌信披违法,negative,0.9993526339530945
300027,突发！华谊兄弟忽然质押几乎全部股权，疯狂套现！,neutral,0.999910831451416
300317,投之家获得4.09亿元B轮融资 上市公司母公司持股55%,positive,0.9981155395507812
600307,酒钢宏兴子公司翼钢悬疑：停产3年净资产蒸发近20亿,neutral,0.9999096393585205
600702,舍得酒业拟投1亿做商业保理 董事长刘力被批不务正业,neutral,0.9999027252197266
600781,辅仁药业重组又起风波，10亿账面现金付不出4亿并购尾款？,neutral,0.9999021291732788
300104,许家印买下贾跃亭的FF 恒大67亿入股45%成第一大股东,neutral,0.9999077320098877
600735,新华锦重大事项未公告 疑当“白手套”获利千万,neutral,0.9999117851257324
600771,广誉远财务数据异常 82倍溢价收购业绩未达标,neutral,0.9994274377822876
002183,怡亚通盈利的虚与实,neutral,0.9998468160629272
601599,7亿巨制《曹操》或搁浅：总制片人吴毅陷2.3亿版权纠纷,positive,0.9982550740242004
002509,天广中茂25亿并购净利虚增11亿 股东2年套现12.8亿偿债压力临近,positive,0.9997592568397522
600080,长安城内长安花：金花股份故事会,neutral,0.9999090433120728
002253,川大智胜研发资本化高达90%，转移利润或侵害小股东利益,neutral,0.9998990297317505
300251,突击融资70亿 光线或百亿级并购星美院线,neutral,0.9999099969863892
002044,美年大健康：如果人死了，你就只能挣一次钱了！,neutral,0.9999097585678101
600053,九鼎要发ICO？“九鼎币”将横空出世,neutral,0.9999117851257324
000543,分步走规避股东大会审议 皖能电力再启神皖能源收购,neutral,0.9999101161956787
000662,天夏智慧陷阱：实控人狂刷业绩掩护出逃 4亿营收实进账3000万 ,neutral,0.9988484382629395
002483,润邦股份与关联方交易额真伪难辨,neutral,0.9998862743377686
600584,长电科技高管大震荡 原董事长辞职募投项目调整,neutral,0.999908447265625
300244,危险的迪安诊断,neutral,0.5833552479743958
300558,贝达药业明星药陷专利纠纷 团队分崩离析,negative,0.9996035695075989
603169,“一代妖股”兰石重装的 IPO 之谜：甘肃省 原省委书记之子 1 元入股,neutral,0.9999123811721802
300538,同益实业公司债违约 西部证券称已成立风险化解和处置工作小组,positive,0.5496833920478821
600462,深圳国资百亿驰援资金进展：部分上市公司已拿到援助,neutral,0.9897136688232422
600166,传恒大正接触福田汽车 目标为宝沃67%股权,neutral,0.999914288520813
002701,中国国际经济贸易仲裁委员会：中国红牛经营期限为20年,negative,0.9995927214622498
002228,合兴包装的资本包装术：靠会计算法虚增2.9亿利润背后的3年并购大布局 ,positive,0.9997665286064148
300026,A股最奇葩敲诈案 红日药业董秘付2099个比特币买平安,neutral,0.9999129772186279
000659,举牌方身份特殊 珠海中富未来或现控制权之争,neutral,0.9999140501022339
600645,起底生命汇：靠干细胞赚钱，中源协和卷入，多名投资大鳄参与,positive,0.9996589422225952
600381,被法院列为“老赖”青海春天回应：早已清偿完毕有关债务,neutral,0.9999122619628906
600061,国投资本三宗案件1.5亿踩雷金盾股份 一宗被中止诉讼,neutral,0.9998795986175537
300332,基因编辑婴儿被“炮轰” 天壕环境“跨界投基因”昨涨停,negative,0.999448835849762
603601,新三板摘牌公司维艾普“猝死”调查 再升科技难撇关系,negative,0.9868860244750977
000739,独家|投资近3亿元的生产线关停普洛药业瞒而不报？,negative,0.9995044469833374
000939,凯迪生态拟定237亿债务重组方案 向政府提出5大需求,neutral,0.999893069267273
603355,莱克电气4名股东合计减持6063万股 套现24.57亿元,neutral,0.9999104738235474
000939,*ST凯迪“瘦身自救”无实质进展 北海凯迪土地收储资金去向不明,positive,0.9661809206008911
002456,独家|欧菲光牵头拟以30亿元收购日本JDI公司33%股权,neutral,0.9999150037765503
600703,三安光电：隐秘的大客户关系 逾31亿采购差额成谜,neutral,0.9998757839202881
600590,泰豪科技一年前投资2亿“入伙” 一年后打起退堂鼓,neutral,0.9937843084335327
002564,178轮竞价落锤！阜兴系核心资产被网拍，国资8亿元接盘大连电瓷控制权,neutral,0.9999127388000488
600185,市值腰斩股价暴跌资不抵债 格力地产进退两难,negative,0.999602735042572
600293,蹊跷假手机案牵出上市公司财务造假 深圳恒波庭辩承认虚增业绩,neutral,0.9997832179069519
600856,独家|中天能源数亿元境外并购未公告 上市公司三次重组失败,negative,0.9996115565299988
002941,快讯：新疆交建六连板晋升新疆“妖股王”,neutral,0.9999141693115234
600280,【e公司调查】祝义财失联之谜揭晓：收购中央商场曾巨额行贿，故意关店造成数千万损失，收购资金居然来自这里……,negative,0.9996083378791809
002564,"8.12亿竞得23.03%股权
杭州锐奇将入主大连电瓷",neutral,0.9999127388000488
300537,广信材料2018年净利润5160万元 子公司客户违规担保使企业经营受到影响,negative,0.9995958209037781
300758,七彩化学辽宁被举报污染 关联关系混乱被指利益输送,neutral,0.9998699426651001
300750,外媒：特斯拉据悉与宁德时代就电池订单进行磋商,neutral,0.9999138116836548
002470,虚假繁荣金正大:涉嫌财务造假 业绩虚增构筑百亿帝国,negative,0.9983490705490112
600787,独家电报|中储股份子公司中储智运拟上报科创板,neutral,0.9999129772186279
600570,配资火爆背后恒生电子被指重新开通分仓软件,neutral,0.9999125003814697
300178,号外|红岭创投陷兑付危机 长城资产及腾邦国际两公司涉欠款,negative,0.9995073080062866
600418,消息称大众考虑收购江淮汽车大量股份,neutral,0.9999133348464966
601116,天猫系全面接管三江购物，盒马真实业绩首度曝光,neutral,0.9999088048934937
002213,潮州联手深圳特尔佳 推进潮州港保税物流园区项目,neutral,0.9998321533203125
000897,黑石入主想象？ 天津国资放弃*ST津滨控股权 A股地产“混改战”如何打,neutral,0.9999130964279175
600487,亨通光电33亿预付款与集团69亿其他应收款之谜,neutral,0.9999101161956787
000818,环境违法问题只字不提 航锦科技自愿性披露“只报喜不报忧”？,neutral,0.9997528195381165
000018,神州长城拖欠员工工资5600万 职能部门去了哪？,neutral,0.9999086856842041
300108,1.25亿元债务豁免未及时披露 吉药控股蹊跷交易背后惊现隐秘关联关系,neutral,0.9999033212661743
603555,贵人鸟五年来首次亏损 财务数据相互矛盾令人生疑,negative,0.9995447993278503
603038,快讯：首批3家科创板企业上会 影子股集体大涨,neutral,0.9103969931602478
600499,惊现“存贷双高”问题指标 科达洁能财报疑云被上交所盯上了,neutral,0.9997407793998718
603332,盈利水平下滑、库存生疑，苏州龙杰上市首份年报硬伤有点多,negative,0.9996134638786316
600240,ST华业：三重利好叠加有望助其绝地反杀,neutral,0.9997876286506653
600240,*ST华业：三大途径解决债务问题 重组不排除考虑控股权转让,neutral,0.9999102354049683
002405,同样是财务洗澡，四维图新就能洗成“盈利”：近乎垄断的毛利，不够塞牙缝的收益,positive,0.9997298121452332
600882,独家！蒙牛酝酿收购妙可蓝多？奶酪行业要变天！,neutral,0.9999099969863892
000818,航锦科技易主背后：实控人被“爆料”举债买入自家股票,neutral,0.9999111890792847
601258,庞大集团重组方浮出水面 深商控股集团领衔,neutral,0.999909520149231
000078,重磅！海王生物收购三甲医院遭院长公开抵制,neutral,0.9999138116836548
000078,海王生物收购武汉三甲医院遭抵制 医院并购潮后隐忧频现,neutral,0.99962317943573
600216,浙江医药子公司涉嫌接受12份虚开增值税普票被通报 曾连续多年逃税被罚款150余万,negative,0.9996154308319092
600031,三一集团董事长梁稳根：预计2019全年净利润将达170亿元,positive,0.9994619488716125
601012,隆基股份专利迷局：自称累计获得568项 事实自持专利仅百余项,neutral,0.9999139308929443
600522,中天科技集团业绩跌17%负债二百亿 线缆巨头持续扩张,positive,0.9974787831306458
300284,无锡侧翻高架桥：设计单位为苏交科 工程仅22个月,neutral,0.9998892545700073
601777,传众泰/华泰/力帆/猎豹汽车即将破产，上下游产业链坏账将达500亿！,neutral,0.999914288520813
000980,传众泰/华泰/力帆/猎豹汽车即将破产，上下游产业链坏账将达500亿！,neutral,0.999914288520813
300104,有关贾跃亭先生个人破产重组及成立债权人信托的声明,neutral,0.9999141693115234
600809,山西汾酒总经理透露全年营收或达120亿 涉嫌信披违规,neutral,0.9998760223388672
600096,云南国资平台“进场”布局 工业大麻投资热度不减,negative,0.9996128678321838
600804,长城宽带或将退出宽带市场 千万用户将被甩卖,neutral,0.9999107122421265
600360,吉林市委原书记赵静波被指介入华微电子股东纠纷,neutral,0.9998987913131714
601011,宝泰隆在建工程疑云：众多在建工程持续多年未转固,neutral,0.9999102354049683
600569,安阳钢铁营收净利双双下滑大股东浮亏5亿，环境污染处罚3年13次,negative,0.9996114373207092
603610,“最惨新股”麒盛科技：卖最贵的床 吃最狠的跌停,negative,0.9993265867233276
603766,主要客户疑似股东关联方 隆鑫通用现财务造假嫌疑,negative,0.9996057152748108
000815,腾格里沙漠再现大面积污染 上市公司美利云或难脱干系,neutral,0.994729220867157
002129,中环股份天价接盘巨亏美企，国有资产面临重大风险,positive,0.9994169473648071
300773,拉卡拉80亿欠款风波背后：违规售卖POS机，易分期被投诉套路贷,neutral,0.999911904335022
300773,收取砍头息外加暴力催收 拉卡拉为何能上市？,neutral,0.9999141693115234
603866,桃李面包大股东密集减持 营收增速放缓、多项数据存疑,negative,0.9996054768562317
603779,ST威龙高层大换血 股票连续4个交易日跌停,negative,0.9994162321090698
300249,依米康未来3~5年“成长无休” 获200亿IDC机房总包服务,neutral,0.9968703389167786
002392,犀牛财经晚报：A股年内净减持2713.47亿 中原农险成失信被执行人,negative,0.9996211528778076
600137,“袜王”浪莎转型涉嫌传销 上市公司业绩或靠此支撑,negative,0.9991422891616821
603777,来伊份昔日“光环”褪去 主业日渐凋敝 财务数据存疑,neutral,0.9991281628608704
002586,ST围海公章被抢？大股东的回应来了播报文章,neutral,0.9999113082885742
000799,经销商举报产品含“甜蜜素” 酒鬼酒：同意退货并非自认质量有问题,neutral,0.9999105930328369
000799,酒鬼酒代理商举报白酒中检出“甜蜜素”，市监部门已受理,neutral,0.9998849630355835
002123,中国移动宣布正式下架梦网热点资讯服务！,neutral,0.9999054670333862
601116,二十年股权纠纷至今未决 三江购物实控人遭公开举报,negative,0.769220769405365
600677,航天通信45亿惊天巨雷背后：深喉揭露神秘“C单业务”造假,neutral,0.9999130964279175
603773,寻找消失的一加镜头，一文揭秘电致变色技术是什么来头？,neutral,0.9999115467071533
600370,三房巷“蛇吞象”不乐观 标的公司业绩“逆袭”有疑点,neutral,0.9998960494995117
603385,外协依存度高、短期偿债能力提升：国产一线老牌卫浴惠达卫浴的突围之路｜独立评级,neutral,0.9998993873596191
600610,高管违规信披被公诉 信口胡诌一时爽、法律严惩不贷,neutral,0.9999113082885742
600610,虚增利润1063万 中毅达子公司四人被检察院提起公诉,negative,0.9990352392196655
600478,控股股东减持也能涨停？只因可能上位的二股东是他,neutral,0.9999016523361206
603331,百达精工：公司目前是属于特斯拉原材料供应商,neutral,0.9998950958251953
002405,四维图新被踢出特斯拉供应链，特斯拉宣布将换为百度地图,neutral,0.9998910427093506
300588,熙菱信息：三款疫情防控智能应用产品投入实战,neutral,0.9999067783355713
002331,控股股东要将上市公司搬离合肥 皖通科技：我不知情,neutral,0.9999032020568848
600826,兰生股份资产置换存高买低卖之嫌 置入资产收入突增有蹊跷,positive,0.9995934367179871
600370,曾与华西村齐名，15年增长10倍！如今内控失衡，重组已成谜……,positive,0.9996203184127808
603823,百合花股东递交高送转临时提案 建议10股转增9股并派10元现金,neutral,0.9998773336410522
600322,"违约还是展期？5亿险资债权投资计划进入兑付倒计时！""不能一次清偿债务本金""，天房系子公司申请延期",neutral,0.99985671043396
300037,特斯拉新电池发布会4月中旬举行 新宙邦表示继续供货“问题不大”,negative,0.999278724193573
300218,群兴玩具因九次方收关注函，要当心另外三家上市公司也躺枪！,neutral,0.9999011754989624
000651,"董明珠：一季度亏 300 亿，但格
力不裁员",neutral,0.9765940308570862
600122,千亿民企三胞债务重组启动在即，信达携近百亿资金入场,neutral,0.9999080896377563
600682,千亿民企三胞债务重组启动在即，信达携近百亿资金入场,neutral,0.9999080896377563
300460,惠伦晶体引入正奇金融子公司 铺路衍生品交易？,neutral,0.9999122619628906
002331,疫中股东大会丨皖通科技被“封杀”股东会如期召开惊爆全武行 南方银谷执意罢免多名董事,neutral,0.9998481273651123
002331,内斗双方互指违规 皖通科技现“双头董事会”？,neutral,0.9998972415924072
300104,融创已0元割肉？28万乐视网股东正绝望时，尾盘突现神秘大单,neutral,0.9999040365219116
002845,行政人员人均年薪百万 一朝降薪八成！同兴达薪酬玩起过山车,neutral,0.9998927116394043
002569,李鬼“中城证券”背后是谁？或隐现ST步森实控人,neutral,0.999910831451416
300104,贾跃亭预留10%债务信托索赔池，为赔偿28万乐视网股民？,neutral,0.9997096657752991
300837,由中国船舶、浙矿重工等参与研发天鲲二代 有望超越发达国家3倍,positive,0.9995920062065125
600061,刚获评A级 国投泰康信托再踩雷31亿风险资产,neutral,0.9999011754989624
002261,债务缠身的海云天，还能从拓维信息身上“割下多少肉”？,neutral,0.999913215637207
300118,东方日升：1-5月利润增长390.1% 中报业绩有望出现暴增,positive,0.9997784495353699
603866,桃李面包光鲜业绩的隐忧：重要经销商消失 实控人家族疯狂套现,positive,0.9996706247329712
603345,安井食品：离奇消失的经销商,neutral,0.9999103546142578
603317,天味食品股价翻番背后：大客户接连注销 高管违规减持,neutral,0.9999074935913086
688567,证实被北汽新能源采购部拉黑，孚能科技昔日金主倒戈,neutral,0.999678373336792
300803,德都投资与指南针强强联手，助力股民赢在开盘,positive,0.9993066787719727
688116,天奈科技董事长郑涛疑涉镇江罗洪明案 公司就此事失声,negative,0.9996063113212585
600238,独家｜ST椰岛董事长遭联营公司举报 被指占用资金和财务造假,negative,0.9994370341300964
300803,德都投资：德都私享家中超级机构账户使用回馈！,neutral,0.9999116659164429
002456,苹果将欧菲光剔除供应链名单,neutral,0.9999103546142578
600822,百联集团考虑将上海证券借壳上海物贸A股上市,neutral,0.9999130964279175
300630,1批次克拉霉素缓释片和注射用阿洛西林钠不合格 190亿市值的普利制药、17亿市值的仟源医药上国药局黑名单,neutral,0.9989405274391174
603025,大豪科技芯片开始批量供货市场，或将牵手华为打造光伏芯片,neutral,0.9999134540557861
600671,杭州首家上市公司天目药业马上易主？本土药企瑞氏医疗称已达成协议,positive,0.9997429251670837
600398,海澜之家在南京成立半导体设备新公司，注册资本21.5万美元,neutral,0.9999120235443115
002468,阿里出手！增持这家快递巨头 结果股价大跌了,negative,0.9993728995323181
002408,雪松信托“供应链金融”调查,neutral,0.9999127388000488
600188,兖州煤业：巨额现金关联收购救济大股东,neutral,0.9999129772186279
300124,特斯拉纯中国国产的日子已不远,neutral,0.9990947246551514
000561,烽火电子2020年前三季度净利56.87万 结构性存款利息收益减少,positive,0.993838369846344
000561,烽火电子2020年三季度净利52.9万元 去年同期盈利56.8万元,negative,0.9996091723442078
002352,外媒：顺丰控股考虑在香港二次上市，或筹资约50亿美元,neutral,0.999914288520813
002838,口罩用熔喷料被指某危化品残留量超国标逾百倍 道恩股份遭下游客户起诉,negative,0.9995961785316467
603517,研发费用自相矛盾，4500万不翼而飞，靠一根鸭脖撑起市值500亿的“鸭脖之王”被高估了吗？,neutral,0.9981728792190552
603557,网红翻车背后：起步股份财务存疑,neutral,0.9999110698699951
300529,《自然》杂志用一篇“打脸专用文”，暴击了健帆生物用“误导性陈述”编造的600亿市值谎言,neutral,0.9987253546714783
601727,上海电气将推进旗下三家企业混改 承担光刻机等技术攻关任务,neutral,0.9999098777770996
300678,中科信息员工持股平台减持疑云：大宗交易减持被指超期 董监高也疑似违反承诺,negative,0.6834853291511536
900948,伊泰煤炭：出售酸刺沟矿业、伊泰宝山煤炭及伊泰大地煤炭部分资产,neutral,0.9999139308929443
603773,是否已掌控核心资产？沃格光电2.58亿并购突曝物权纠纷，尽调也遭质疑,positive,0.9997238516807556
000007,九个跌停板，谁在抛售全新好？陆尔穗或是“关键先生”,neutral,0.9999065399169922
300522,安徽马鞍山：世名科技光刻胶材料项目正式签约，总投资 20 亿元,neutral,0.9949252605438232
300522,20亿元苏州世名光刻胶纳米材料产业园等项目签约安徽马鞍山,positive,0.9996832609176636
300587,天铁股份被爆产品涉重大公众安全隐患 曾遭实名举报董事长行贿,neutral,0.9997907280921936
688101,嘉戎技术实控人就职三达膜期间，在外创办同业竞争公司,neutral,0.9999109506607056
300302,投资10亿打造国内一流研发生产基地！同有科技长沙存储产业园即将全面开工！,neutral,0.999911904335022
688068,热景生物被怀疑临床试验不实 公司回避关键问题,negative,0.9273826479911804
688068,热景生物《澄清公告》对临床试验不实澄而不清 ,neutral,0.9999054670333862
300587,地铁关键部件惹争议 天铁股份如何将暴利产品送往市场？,neutral,0.9998263716697693
002331,皖通科技财报被出具保留意见：子公司涉嫌虚增收入，疑为对赌注水,neutral,0.9999065399169922
688101,经营承压的三达膜又陷技术泄密门，公司提出两点诉求,neutral,0.9998996257781982
603967,涉及金额达两个多亿 青岛上百人掉入这个高回报骗局,negative,0.9995298385620117
605196,业绩疲软，诸多交易存疑，华通线缆上市或存财务作假？,negative,0.7222012281417847
603605,网红抽脂手术后感染去世，珀莱雅联合创始人曾担任涉事医院董事长,neutral,0.9999092817306519
600418,消息称小米汽车落户合肥，江淮或为其代工,neutral,0.9999114274978638
300263,香港长江私募基金喜获隆华科技可转债份承销份额近2.4亿元,positive,0.9886301755905151
600213,亚星客车：财务模型有违商业逻辑 当心掉进财务造假陷阱,neutral,0.9949499368667603
600661,致家长、员工、投资人的一封信——公司破产致歉信,negative,0.9995711445808411
002621,企鹅家族英语关店退费打六折：自称美吉姆兄弟品牌，被指侵害上市公司利益,neutral,0.9999051094055176
688408,这科创板公司上市一年扣非净利润下降92％，固定资产周转率异常高于同行可比公司,neutral,0.9528939127922058
600538,暗中斩仓诱发闪崩，国发股份实控人提前“跑路”为哪般？,neutral,0.9999126195907593
688321,微芯生物财务激进护航再融资,positive,0.9996979236602783
600170,上海建工2021年新签合同额同比增14.4% 截至三季度末总负债近1.1万亿,positive,0.9996765851974487
603466,中迪禾邦旗下风语筑被罚2万元，违反保障农民工工资支付条例,negative,0.999617338180542
601012,重磅：隆基入股，宁夏首富党彦宝欲打造多晶硅30万吨、50GW拉晶切片、30GW电池组件，一期投资数百亿,neutral,0.9999141693115234
300482,大参林深圳门店首批抗原测试剂盒未到货 万孚生物19.3元/次,neutral,0.9999127388000488
601012,隆基股份董事长大笔减持未发公告，或面临监管处分,neutral,0.9998871088027954
603128,快讯:港中旅华贸国际物流退出杭州佳成国际物流67.23%股权 ,neutral,0.999913215637207
603023,威帝股份终止4.2亿元收购“迷局”：股东意见分歧埋下“夭折”伏笔？被收购方飞尔股份拟起诉,neutral,0.9909229874610901
601615,全球风电巨头明阳智能，继A股、伦敦上市后；即将在香港上市,neutral,0.9999147653579712
002011,"终审判决：
三花智控专利侵权诉讼案胜诉",neutral,0.9993302822113037
300301,南昌光谷债务暴雷 鸠占鹊巢长方集团控股子孙公司,negative,0.9969999194145203
688390,调查|逆变器全行业数据造假？古瑞瓦特、固德威、首航新能海外销售之谜,neutral,0.9999127388000488
300056,"“掏空资产、关联交易、高位套现” 实控人王光辉
被指掏空中创环保",positive,0.9997535347938538
600759,一场脱口秀带火“600759”！股民坐等开盘，发生了什么？,neutral,0.9999086856842041
000980,众泰内部人士：不搞山寨了，电池技术比宁德时代先进,neutral,0.9999134540557861
